De novo extracted, Global NMF Signatures, L1 Error %, L2 Error %, KL Divergence, Cosine Similarity, Correlation
Signature 96-A, Signature SBS1 (10.28%) & Signature SBS5 (89.72%), 26.98,  23.87, 0.060, 0.97, 0.96
Signature 96-B, Signature SBS1 (1.62%) & Signature SBS5 (43.84%) & Signature SBS30 (17.52%) & Signature SBS37 (37.02%), 28.74,  30.32, 0.083, 0.95, 0.90
Signature 96-C, Signature SBS1 (2.22%) & Signature SBS5 (56.12%) & Signature SBS26 (41.66%), 38.04,  38.16, 0.144, 0.92, 0.86
Signature 96-D, Signature SBS1 (5.24%) & Signature SBS5 (11.22%) & Signature SBS25 (29.56%) & Signature SBS40 (53.98%), 42.79,  46.01, 0.165, 0.89, 0.52
Signature 96-E, Signature SBS1 (12.38%) & Signature SBS3 (57.44%) & Signature SBS5 (30.18%), 55.88,  53.92, 0.306, 0.84, 0.55
